{
  "allocation_history": {
    "brand": "VLK",
    "country": "USA",
    "dealer_code": 409459,
    "order_type": "FSO",
    "total_month": 13,
    "start_month": {
      "calendar_month": "SEP",
      "calendar_year": 2018
    },
    "end_month": {
      "calendar_month": "SEP",
      "calendar_year": 2019
    },
    "allocation_history": [
      {
        "carline_family": {
          "carline_family_name": "Atlas",
          "allocations": [
            {
              "order_cycle": {
                "calendar_month": "SEP",
                "calendar_year": 2019
              },
              "model_year": 2019,
              "carline_name": "Atlas",
              "allocation_vol": 60,
              "accepted_vol": 60,
              "rejected_vol": 0
            },
            {
              "order_cycle": {
                "calendar_month": "AUG",
                "calendar_year": 2019
              },
              "model_year": 2019,
              "carline_name": "Atlas",
              "allocation_vol": 55,
              "accepted_vol": 53,
              "rejected_vol": 2
            },
            {
              "order_cycle": {
                "calendar_month": "JUL",
                "calendar_year": 2019
              },
              "model_year": 2019,
              "carline_name": "Atlas",
              "allocation_vol": 50,
              "accepted_vol": 50,
              "rejected_vol": 0
            },
            {
              "order_cycle": {
                "calendar_month": "JUN",
                "calendar_year": 2019
              },
              "model_year": 2019,
              "carline_name": "Atlas",
              "allocation_vol": 49,
              "accepted_vol": 48,
              "rejected_vol": 1
            },
            {
              "order_cycle": {
                "calendar_month": "MAY",
                "calendar_year": 2019
              },
              "model_year": 2019,
              "carline_name": "Atlas",
              "allocation_vol": 52,
              "accepted_vol": 50,
              "rejected_vol": 2
            },
            {
              "order_cycle": {
                "calendar_month": "APR",
                "calendar_year": 2019
              },
              "model_year": 2019,
              "carline_name": "Atlas",
              "allocation_vol": 60,
              "accepted_vol": 60,
              "rejected_vol": 0
            },
            {
              "order_cycle": {
                "calendar_month": "MAR",
                "calendar_year": 2019
              },
              "model_year": 2019,
              "carline_name": "Atlas",
              "allocation_vol": 55,
              "accepted_vol": 50,
              "rejected_vol": 5
            },
            {
              "order_cycle": {
                "calendar_month": "FEB",
                "calendar_year": 2019
              },
              "model_year": 2019,
              "carline_name": "Atlas",
              "allocation_vol": 50,
              "accepted_vol": 50,
              "rejected_vol": 0
            },
            {
              "order_cycle": {
                "calendar_month": "JAN",
                "calendar_year": 2019
              },
              "model_year": 2019,
              "carline_name": "Atlas",
              "allocation_vol": 65,
              "accepted_vol": 64,
              "rejected_vol": 1
            },
            {
              "order_cycle": {
                "calendar_month": "DEC",
                "calendar_year": 2018
              },
              "model_year": 2019,
              "carline_name": "Atlas",
              "allocation_vol": 61,
              "accepted_vol": 61,
              "rejected_vol": 0
            },
            {
              "order_cycle": {
                "calendar_month": "NOV",
                "calendar_year": 2018
              },
              "model_year": 2019,
              "carline_name": "Atlas",
              "allocation_vol": 58,
              "accepted_vol": 58,
              "rejected_vol": 0
            },
            {
              "order_cycle": {
                "calendar_month": "OCT",
                "calendar_year": 2018
              },
              "model_year": 2018,
              "carline_name": "Atlas",
              "allocation_vol": 57,
              "accepted_vol": 55,
              "rejected_vol": 2
            },
            {
              "order_cycle": {
                "calendar_month": "SEP",
                "calendar_year": 2018
              },
              "model_year": 2018,
              "carline_name": "Atlas",
              "allocation_vol": 58,
              "accepted_vol": 55,
              "rejected_vol": 3
            }              
          ]
        }
      },
      {
        "carline_family": {
          "carline_family_name": "Beetle",
          "allocations": [
            {
              "order_cycle": {
                "calendar_month": "SEP",
                "calendar_year": 2019
              },
              "model_year": 2019,
              "carline_name": "Beetle",
              "allocation_vol": 5,
              "accepted_vol": 4,
              "rejected_vol": 1
            },
            {
              "order_cycle": {
                "calendar_month": "AUG",
                "calendar_year": 2019
              },
              "model_year": 2019,
              "carline_name": "Beetle",
              "allocation_vol": 3,
              "accepted_vol": 2,
              "rejected_vol": 1
            },
            {
              "order_cycle": {
                "calendar_month": "JUL",
                "calendar_year": 2019
              },
              "model_year": 2019,
              "carline_name": "Beetle",
              "allocation_vol": 4,
              "accepted_vol": 4,
              "rejected_vol": 0
            },
            {
              "order_cycle": {
                "calendar_month": "JUN",
                "calendar_year": 2019
              },
              "model_year": 2019,
              "carline_name": "Beetle",
              "allocation_vol": 5,
              "accepted_vol": 5,
              "rejected_vol": 0
            },
            {
              "order_cycle": {
                "calendar_month": "MAY",
                "calendar_year": 2019
              },
              "model_year": 2019,
              "carline_name": "Beetle",
              "allocation_vol": 4,
              "accepted_vol": 4,
              "rejected_vol": 1
            },
            {
              "order_cycle": {
                "calendar_month": "APR",
                "calendar_year": 2019
              },
              "model_year": 2019,
              "carline_name": "Beetle",
              "allocation_vol": 3,
              "accepted_vol": 3,
              "rejected_vol": 0
            },
            {
              "order_cycle": {
                "calendar_month": "MAR",
                "calendar_year": 2019
              },
              "model_year": 2019,
              "carline_name": "Beetle",
              "allocation_vol": 5,
              "accepted_vol": 4,
              "rejected_vol": 1
            },
            {
              "order_cycle": {
                "calendar_month": "FEB",
                "calendar_year": 2019
              },
              "model_year": 2019,
              "carline_name": "Beetle",
              "allocation_vol": 6,
              "accepted_vol": 6,
              "rejected_vol": 0
            },
            {
              "order_cycle": {
                "calendar_month": "JAN",
                "calendar_year": 2019
              },
              "model_year": 2019,
              "carline_name": "Beetle",
              "allocation_vol": 4,
              "accepted_vol": 3,
              "rejected_vol": 1
            },
            {
              "order_cycle": {
                "calendar_month": "DEC",
                "calendar_year": 2018
              },
              "model_year": 2018,
              "carline_name": "Beetle",
              "allocation_vol": 4,
              "accepted_vol": 4,
              "rejected_vol": 0
            },
            {
              "order_cycle": {
                "calendar_month": "NOV",
                "calendar_year": 2018
              },
              "model_year": 2018,
              "carline_name": "Beetle",
              "allocation_vol": 5,
              "accepted_vol": 5,
              "rejected_vol": 0
            },
            {
              "order_cycle": {
                "calendar_month": "OCT",
                "calendar_year": 2018
              },
              "model_year": 2018,
              "carline_name": "Beetle",
              "allocation_vol": 6,
              "accepted_vol": 5,
              "rejected_vol": 1
            },
            {
              "order_cycle": {
                "calendar_month": "SEP",
                "calendar_year": 2018
              },
              "model_year": 2018,
              "carline_name": "Beetle",
              "allocation_vol": 5,
              "accepted_vol": 5,
              "rejected_vol": 0
            }            
          ]
        }
      },
      {
        "carline_family": {
          "carline_family_name": "Golf GTI",
          "allocations": [
            {
              "order_cycle": {
                "calendar_month": "SEP",
                "calendar_year": 2019
              },
              "model_year": 2019,
              "carline_name": "Golf GTI",
              "allocation_vol": 15,
              "accepted_vol": 14,
              "rejected_vol": 1
            },
            {
              "order_cycle": {
                "calendar_month": "AUG",
                "calendar_year": 2019
              },
              "model_year": 2019,
              "carline_name": "Golf GTI",
              "allocation_vol": 13,
              "accepted_vol": 12,
              "rejected_vol": 1
            },
            {
              "order_cycle": {
                "calendar_month": "JUL",
                "calendar_year": 2019
              },
              "model_year": 2019,
              "carline_name": "Golf GTI",
              "allocation_vol": 13,
              "accepted_vol": 10,
              "rejected_vol": 3
            },
            {
              "order_cycle": {
                "calendar_month": "JUN",
                "calendar_year": 2019
              },
              "model_year": 2019,
              "carline_name": "Golf GTI",
              "allocation_vol": 15,
              "accepted_vol": 15,
              "rejected_vol": 0
            },
            {
              "order_cycle": {
                "calendar_month": "MAY",
                "calendar_year": 2019
              },
              "model_year": 2018,
              "carline_name": "Golf GTI",
              "allocation_vol": 12,
              "accepted_vol": 11,
              "rejected_vol": 1
            },
            {
              "order_cycle": {
                "calendar_month": "APR",
                "calendar_year": 2019
              },
              "model_year": 2018,
              "carline_name": "Golf GTI",
              "allocation_vol": 13,
              "accepted_vol": 11,
              "rejected_vol": 2
            },
            {
              "order_cycle": {
                "calendar_month": "MAR",
                "calendar_year": 2019
              },
              "model_year": 2018,
              "carline_name": "Golf GTI",
              "allocation_vol": 9,
              "accepted_vol": 8,
              "rejected_vol": 1
            },
            {
              "order_cycle": {
                "calendar_month": "FEB",
                "calendar_year": 2019
              },
              "model_year": 2018,
              "carline_name": "Golf GTI",
              "allocation_vol": 10,
              "accepted_vol": 10,
              "rejected_vol": 0
            },
            {
              "order_cycle": {
                "calendar_month": "JAN",
                "calendar_year": 2019
              },
              "model_year": 2018,
              "carline_name": "Golf GTI",
              "allocation_vol": 15,
              "accepted_vol": 13,
              "rejected_vol": 2
            },
            {
              "order_cycle": {
                "calendar_month": "DEC",
                "calendar_year": 2019
              },
              "model_year": 2018,
              "carline_name": "Golf GTI",
              "allocation_vol": 11,
              "accepted_vol": 10,
              "rejected_vol": 1
            },
            {
              "order_cycle": {
                "calendar_month": "NOV",
                "calendar_year": 2019
              },
              "model_year": 2018,
              "carline_name": "Golf GTI",
              "allocation_vol": 12,
              "accepted_vol": 10,
              "rejected_vol": 2
            },
            {
              "order_cycle": {
                "calendar_month": "OCT",
                "calendar_year": 2018
              },
              "model_year": 2018,
              "carline_name": "Golf GTI",
              "allocation_vol": 14,
              "accepted_vol": 13,
              "rejected_vol": 1
            },
            {
              "order_cycle": {
                "calendar_month": "SEP",
                "calendar_year": 2018
              },
              "model_year": 2018,
              "carline_name": "Golf GTI",
              "allocation_vol": 12,
              "accepted_vol": 12,
              "rejected_vol": 0
            }                
          ]
        }
      },
      {
        "carline_family": {
          "carline_family_name": "Tiguan",
          "allocations": [
            {
              "order_cycle": {
                "calendar_month": "SEP",
                "calendar_year": 2019
              },
              "model_year": 2019,
              "carline_name": "Tiguan",
              "allocation_vol": 60,
              "accepted_vol": 55,
              "rejected_vol": 5
            },
            {
              "order_cycle": {
                "calendar_month": "AUG",
                "calendar_year": 2019
              },
              "model_year": 2019,
              "carline_name": "Tiguan",
              "allocation_vol": 50,
              "accepted_vol": 50,
              "rejected_vol": 0
            },
            {
              "order_cycle": {
                "calendar_month": "JUL",
                "calendar_year": 2019
              },
              "model_year": 2019,
              "carline_name": "Tiguan",
              "allocation_vol": 75,
              "accepted_vol": 74,
              "rejected_vol": 1
            },
            {
              "order_cycle": {
                "calendar_month": "JUN",
                "calendar_year": 2019
              },
              "model_year": 2018,
              "carline_name": "Tiguan",
              "allocation_vol": 63,
              "accepted_vol": 62,
              "rejected_vol": 1
            },
            {
              "order_cycle": {
                "calendar_month": "MAY",
                "calendar_year": 2019
              },
              "model_year": 2018,
              "carline_name": "Tiguan",
              "allocation_vol": 65,
              "accepted_vol": 64,
              "rejected_vol": 1
            },
            {
              "order_cycle": {
                "calendar_month": "APR",
                "calendar_year": 2019
              },
              "model_year": 2018,
              "carline_name": "Tiguan",
              "allocation_vol": 50,
              "accepted_vol": 50,
              "rejected_vol": 0
            },
            {
              "order_cycle": {
                "calendar_month": "MAR",
                "calendar_year": 2019
              },
              "model_year": 2018,
              "carline_name": "Tiguan",
              "allocation_vol": 53,
              "accepted_vol":50,
              "rejected_vol": 3
            },
            {
              "order_cycle": {
                "calendar_month": "FEB",
                "calendar_year": 2019
              },
              "model_year": 2018,
              "carline_name": "Tiguan",
              "allocation_vol": 52,
              "accepted_vol": 51,
              "rejected_vol": 1
            },
            {
              "order_cycle": {
                "calendar_month": "JAN",
                "calendar_year": 2019
              },
              "model_year": 2018,
              "carline_name": "Tiguan",
              "allocation_vol": 65,
              "accepted_vol": 64,
              "rejected_vol": 1
            },
            {
              "order_cycle": {
                "calendar_month": "DEC",
                "calendar_year": 2019
              },
              "model_year": 2018,
              "carline_name": "Tiguan",
              "allocation_vol": 60,
              "accepted_vol": 60,
              "rejected_vol": 0
            },
            {
              "order_cycle": {
                "calendar_month": "NOV",
                "calendar_year": 2019
              },
              "model_year": 2018,
              "carline_name": "Tiguan",
              "allocation_vol": 71,
              "accepted_vol": 69,
              "rejected_vol": 2
            },
            {
              "order_cycle": {
                "calendar_month": "OCT",
                "calendar_year": 2018
              },
              "model_year": 2018,
              "carline_name": "Tiguan",
              "allocation_vol": 65,
              "accepted_vol": 63,
              "rejected_vol": 2
            },
            {
              "order_cycle": {
                "calendar_month": "SEP",
                "calendar_year": 2018
              },
              "model_year": 2018,
              "carline_name": "Tiguan",
              "allocation_vol":60,
              "accepted_vol": 60,
              "rejected_vol": 0
            }              
          ]
        }
      },
      {
        "carline_family": {
          "carline_family_name": "Jetta",
          "allocations": [
            {
              "order_cycle": {
                "calendar_month": "SEP",
                "calendar_year": 2019
              },
              "model_year": 2019,
              "carline_name": "Jetta",
              "allocation_vol": 14,
              "accepted_vol": 13,
              "rejected_vol": 1
            },
            {
              "order_cycle": {
                "calendar_month": "AUG",
                "calendar_year": 2019
              },
              "model_year": 2019,
              "carline_name": "Jetta",
              "allocation_vol": 18,
              "accepted_vol": 16,
              "rejected_vol": 2
            },
            {
              "order_cycle": {
                "calendar_month": "JUL",
                "calendar_year": 2019
              },
              "model_year": 2019,
              "carline_name": "Jetta",
              "allocation_vol": 15,
              "accepted_vol": 10,
              "rejected_vol": 5
            },
            {
              "order_cycle": {
                "calendar_month": "JUN",
                "calendar_year": 2019
              },
              "model_year": 2018,
              "carline_name": "Jetta",
              "allocation_vol": 12,
              "accepted_vol": 10,
              "rejected_vol": 2
            },
            {
              "order_cycle": {
                "calendar_month": "MAY",
                "calendar_year": 2019
              },
              "model_year": 2018,
              "carline_name": "Jetta",
              "allocation_vol": 16,
              "accepted_vol": 15,
              "rejected_vol": 1
            },
            {
              "order_cycle": {
                "calendar_month": "APR",
                "calendar_year": 2019
              },
              "model_year": 2018,
              "carline_name": "Jetta",
              "allocation_vol": 19,
              "accepted_vol": 19,
              "rejected_vol": 0
            },
            {
              "order_cycle": {
                "calendar_month": "MAR",
                "calendar_year": 2019
              },
              "model_year": 2018,
              "carline_name": "Jetta",
              "allocation_vol": 20,
              "accepted_vol": 19,
              "rejected_vol": 1
            },
            {
              "order_cycle": {
                "calendar_month": "FEB",
                "calendar_year": 2019
              },
              "model_year": 2018,
              "carline_name": "Jetta",
              "allocation_vol": 23,
              "accepted_vol": 20,
              "rejected_vol": 3
            },
            {
              "order_cycle": {
                "calendar_month": "JAN",
                "calendar_year": 2019
              },
              "model_year": 2018,
              "carline_name": "Jetta",
              "allocation_vol": 17,
              "accepted_vol": 13,
              "rejected_vol": 4
            },
            {
              "order_cycle": {
                "calendar_month": "DEC",
                "calendar_year": 2019
              },
              "model_year": 2018,
              "carline_name": "Jetta",
              "allocation_vol": 19,
              "accepted_vol": 15,
              "rejected_vol": 4
            },
            {
              "order_cycle": {
                "calendar_month": "NOV",
                "calendar_year": 2019
              },
              "model_year": 2018,
              "carline_name": "Jetta",
              "allocation_vol": 22,
              "accepted_vol": 20,
              "rejected_vol": 2
            },
            {
              "order_cycle": {
                "calendar_month": "OCT",
                "calendar_year": 2018
              },
              "model_year": 2018,
              "carline_name": "Jetta",
              "allocation_vol": 18,
              "accepted_vol": 15,
              "rejected_vol": 3
            }
          ]
        }
      }
    ],

    "allocation_details": [
      {
        "model_year": 2019,
        "carline_name": "Atlas",
        "allocation_vol": 615,
        "accepted_vol": 604,
        "rejected_vol": 11,
        "sales_model_mix": [
          {
            "sale_model_code": "CA1ANZ",
            "sale_model_desc": "Atlas S 2.0T FWD",
            "allocation_vol": 25,
            "accepted_vol": 24,
            "rejected_vol": 1
          },
          {
            "sale_model_code": "CA1AUR",
            "sale_model_desc": "Atlas S 3.6 AWD",
            "allocation_vol": 40,
            "accepted_vol": 40,
            "rejected_vol": 0
          },
          {
            "sale_model_code": "CA1BNZ",
            "sale_model_desc": "Atlas SE 2.0T FWD",
            "allocation_vol": 73,
            "accepted_vol": 73,
            "rejected_vol": 0
          },
          {
            "sale_model_code": "CA1BUR",
            "sale_model_desc": "Atlas 3.6 SE AWD",
            "allocation_vol": 70,
            "accepted_vol": 69,
            "rejected_vol": 1
          },
          {
            "sale_model_code": "CA1BUZ",
            "sale_model_desc": "Atlas 3.6 SE FWD",
            "allocation_vol": 52,
            "accepted_vol": 50,
            "rejected_vol": 2
          },
          {
            "sale_model_code": "CA1CNZ",
            "sale_model_desc": "Atlas SE W/TECH 2.0T FWD",
            "allocation_vol": 56,
            "accepted_vol": 53,
            "rejected_vol": 3
          },
          {
            "sale_model_code": "CA1CUR",
            "sale_model_desc": "Atlas 3.6 SE W/TECH AWD",
            "allocation_vol": 35,
            "accepted_vol": 34,
            "rejected_vol": 1
          },
          {
            "sale_model_code": "CA1CUZ",
            "sale_model_desc": "Atlas 3.6 SE W/TECH FWD",
            "allocation_vol": 50,
            "accepted_vol": 48,
            "rejected_vol": 2
          },
          {
            "sale_model_code": "CA1DUR",
            "sale_model_desc": "Atlas 3.6 SEL AWD",
            "allocation_vol": 60,
            "accepted_vol": 59,
            "rejected_vol": 1
          },
          {
            "sale_model_code": "CA1DUZ",
            "sale_model_desc": "Atlas 3.6 SEL FWD",
            "allocation_vol": 45,
            "accepted_vol": 45,
            "rejected_vol": 0
          },
          {
            "sale_model_code": "CA1EUR",
            "sale_model_desc": "Atlas 3.6 SEL PREMIUM AWD",
            "allocation_vol": 33,
            "accepted_vol": 33,
            "rejected_vol": 0
          },
          {
            "sale_model_code": "CA1FUR",
            "sale_model_desc": "Atlas 3.6 SE W/TECH R-Line® AWD",
            "allocation_vol": 23,
            "accepted_vol": 23,
            "rejected_vol": 0
          },
          {
            "sale_model_code": "CA1FUZ",
            "sale_model_desc": "Atlas 3.6 SE W/TECH R-Line® FWD",
            "allocation_vol": 27,
            "accepted_vol": 27,
            "rejected_vol": 0
          },
          {
            "sale_model_code": "CA1GUR",
            "sale_model_desc": "Atlas 3.6 SEL R-Line® AWD",
            "allocation_vol": 17,
            "accepted_vol": 17,
            "rejected_vol": 0
          },
          {
            "sale_model_code": "CA1GUZ",
            "sale_model_desc": "Atlas 3.6 SEL R-Line® FWD",
            "allocation_vol": 9,
            "accepted_vol": 9,
            "rejected_vol": 0
          }
        ]
      },
      {
        "model_year": 2019,
        "carline_name": "Beetle",
        "allocation_vol": 59,
        "accepted_vol": 54,
        "rejected_vol": 5
      },       
      {
        "model_year": 2019,
        "carline_name": "GTI",
        "allocation_vol": 164,
        "accepted_vol": 149,
        "rejected_vol": 15
      }, 
      {
        "model_year": 2019,
        "carline_name": "Tiguan",
        "allocation_vol": 789,
        "accepted_vol": 772,
        "rejected_vol": 17
      },              	
      {
        "model_year": 2018,
        "carline_name": "Atlas",
        "allocation_vol": 115,
        "accepted_vol": 110,
        "rejected_vol": 5,
        "sales_model_mix": [
          {
            "sale_model_code": "CA1ANZ",
            "sale_model_desc": "Atlas S 2.0T FWD",
            "allocation_vol": 5,
            "accepted_vol": 4,
            "rejected_vol": 1
          },
          {
            "sale_model_code": "CA1AUR",
            "sale_model_desc": "Atlas S 3.6 AWD",
            "allocation_vol": 4,
            "accepted_vol": 4,
            "rejected_vol": 0
          },
          {
            "sale_model_code": "CA1BNZ",
            "sale_model_desc": "Atlas SE 2.0T FWD",
            "allocation_vol": 7,
            "accepted_vol": 7,
            "rejected_vol": 0
          },
          {
            "sale_model_code": "CA1BUR",
            "sale_model_desc": "Atlas 3.6 SE AWD",
            "allocation_vol": 10,
            "accepted_vol": 9,
            "rejected_vol": 1
          },
          {
            "sale_model_code": "CA1BUZ",
            "sale_model_desc": "Atlas 3.6 SE FWD",
            "allocation_vol": 15,
            "accepted_vol": 14,
            "rejected_vol": 1
          },
          {
            "sale_model_code": "CA1CNZ",
            "sale_model_desc": "Atlas SE W/TECH 2.0T FWD",
            "allocation_vol": 6,
            "accepted_vol": 6,
            "rejected_vol": 0
          },
          {
            "sale_model_code": "CA1CUR",
            "sale_model_desc": "Atlas 3.6 SE W/TECH AWD",
            "allocation_vol": 11,
            "accepted_vol": 11,
            "rejected_vol": 0
          },
          {
            "sale_model_code": "CA1CUZ",
            "sale_model_desc": "Atlas 3.6 SE W/TECH FWD",
            "allocation_vol": 5,
            "accepted_vol": 5,
            "rejected_vol": 0
          },
          {
            "sale_model_code": "CA1DUR",
            "sale_model_desc": "Atlas 3.6 SEL AWD",
            "allocation_vol": 12,
            "accepted_vol": 11,
            "rejected_vol": 1
          },
          {
            "sale_model_code": "CA1DUZ",
            "sale_model_desc": "Atlas 3.6 SEL FWD",
            "allocation_vol": 15,
            "accepted_vol": 15,
            "rejected_vol": 0
          },
          {
            "sale_model_code": "CA1EUR",
            "sale_model_desc": "Atlas 3.6 SEL PREMIUM AWD",
            "allocation_vol": 8,
            "accepted_vol": 7,
            "rejected_vol": 1
          },
          {
            "sale_model_code": "CA1FUR",
            "sale_model_desc": "Atlas 3.6 SE W/TECH R-Line® AWD",
            "allocation_vol": 5,
            "accepted_vol": 5,
            "rejected_vol": 0
          },
          {
            "sale_model_code": "CA1FUZ",
            "sale_model_desc": "Atlas 3.6 SE W/TECH R-Line® FWD",
            "allocation_vol": 7,
            "accepted_vol": 7,
            "rejected_vol": 0
          },
          {
            "sale_model_code": "CA1GUR",
            "sale_model_desc": "Atlas 3.6 SEL R-Line® AWD",
            "allocation_vol": 2,
            "accepted_vol": 2,
            "rejected_vol": 0
          },
          {
            "sale_model_code": "CA1GUZ",
            "sale_model_desc": "Atlas 3.6 SEL R-Line® FWD",
            "allocation_vol": 3,
            "accepted_vol": 3,
            "rejected_vol": 0
          }
         ]
      }
     
    ]
  }
}