{
  "fso_activity_summary": {
    "active_cycle": "MBO",
    "activity_totals": [
      {
        "allocation_type": "FSO",
        "total_allocation": 800,
        "accept_cnt": 700,
        "reject_cnt": 50,
        "incomplete_cnt": 50,
        "carlines": [
          {
            "model_year": 2019,
            "carline_code": "ATL1",
            "carline_desc": "Atlas",
            "total_allocation": 45,
            "accept_cnt": 30,
            "reject_cnt": 14,
            "incomplete_cnt": 1
          },
          {
            "model_year": 2019,
            "carline_code": "BC",
            "carline_desc": "Beetle Convertible",
            "total_allocation": 23,
            "accept_cnt": 6,
            "reject_cnt": 14,
            "incomplete_cnt": 3
          }
        ]
      }
    ]
  }
}
