{
  "mbo_activity_summary": {
    "active_cycle": "MBO",
    "activity_totals": [
      {
        "allocation_type": "MBO",
        "total_allocation": 800,
        "accept_cnt": 700,
        "reject_cnt": 50,
        "incomplete_cnt": 50,
        "carlines": [
          {
            "model_year": 2019,
            "carline_code": "ATL1",
            "carline_desc": "Atlas",
            "total_allocation": 21,
            "accept_cnt": 13,
            "reject_cnt": 8,
            "incomplete_cnt": 0
          },
          {
            "model_year": 2019,
            "carline_code": "BC",
            "carline_desc": "Beetle Convertible",
            "total_allocation": 10,
            "accept_cnt": 6,
            "reject_cnt": 2,
            "incomplete_cnt": 2
          }
        ]
      }
    ]
  }
}
